{"cameraMode":{"drawMode":0,"name":"Shaded","section":"Shading Mode"},"sceneLighting":false,"audioPlay":false,"sceneViewState":{"showFog":true,"showMaterialUpdate":false,"showSkybox":false,"showFlares":true,"showImageEffects":true,"showParticleSystems":true},"in2DMode":false,"pivot":{"x":0.060070302337408069,"y":1.572495937347412,"z":0.3323800563812256},"rotation":{"x":0.41002967953681948,"y":0.1265697330236435,"z":-0.057573143392801288,"w":0.9014172554016113},"size":23.334524154663087,"orthographic":false}