{"cameraMode":{"drawMode":0,"name":"Shaded","section":"Shading Mode"},"sceneLighting":true,"audioPlay":false,"sceneViewState":{"showFog":true,"showMaterialUpdate":false,"showSkybox":true,"showFlares":true,"showImageEffects":true,"showParticleSystems":true},"in2DMode":false,"pivot":{"x":3.552665948867798,"y":2.6530802249908449,"z":-8.282508850097657},"rotation":{"x":0.21279142796993257,"y":-0.09186982363462448,"z":0.020117226988077165,"w":0.9725783467292786},"size":3.2394604682922365,"orthographic":false}