{"cameraMode":{"drawMode":0,"name":"Shaded","section":"Shading Mode"},"sceneLighting":false,"audioPlay":false,"sceneViewState":{"showFog":true,"showMaterialUpdate":false,"showSkybox":false,"showFlares":true,"showImageEffects":true,"showParticleSystems":true},"in2DMode":false,"pivot":{"x":3.4829823970794679,"y":-11.406517028808594,"z":-0.7186217904090881},"rotation":{"x":-0.39154869318008425,"y":-0.04910792410373688,"z":0.020936686545610429,"w":-0.9186604619026184},"size":92.76742553710938,"orthographic":false}